<?xml version="1.0"?>
<opencv_storage>
<cascade>
  <stageType>BOOST</stageType>
  <featureType>LBP</featureType>
  <height>24</height>
  <width>48</width>
  <stageParams>
    <boostType>GAB</boostType>
    <minHitRate>9.9500000476837158e-01</minHitRate>
    <maxFalseAlarm>5.0000000000000000e-01</maxFalseAlarm>
    <weightTrimRate>9.4999999999999996e-01</weightTrimRate>
    <maxDepth>1</maxDepth>
    <maxWeakCount>100</maxWeakCount></stageParams>
  <featureParams>
    <maxCatCount>256</maxCatCount>
    <featSize>1</featSize></featureParams>
  <stageNum>10</stageNum>
  <stages>
    <!-- stage 0 -->
    <_>
      <maxWeakCount>2</maxWeakCount>
      <stageThreshold>-1.7876630648970604e-02</stageThreshold>
      <weakClassifiers>
        <_>
          <internalNodes>
            0 -1 2 -444215214 1073807363 0 -1073739775 -1073725435
            -1878982656 193 -267665397</internalNodes>
          <leafValues>
            -9.8019802570343018e-01 1.</leafValues></_>
        <_>
          <internalNodes>
            0 -1 0 -1056452346 1074212864 9 -771686398 -1040170927
            -2147483647 16512 -259796989</internalNodes>
          <leafValues>
            -1. 9.6232140064239502e-01</leafValues></_></weakClassifiers></_>
    <!-- stage 1 -->
    <_>
      <maxWeakCount>2</maxWeakCount>
      <stageThreshold>2.0519115030765533e-02</stageThreshold>
      <weakClassifiers>
        <_>
          <internalNodes>
            0 -1 7 6235215 -2145312767 541360705 67150857 -1073675263
            -1866432512 -532576126 -863466991</internalNodes>
          <leafValues>
            -9.6078431606292725e-01 1.</leafValues></_>
        <_>
          <internalNodes>
            0 -1 13 995297567 134300674 -2147221359 -2074984444
            1610612758 -1937768189 287547392 -357935998</internalNodes>
          <leafValues>
            -9.6189004182815552e-01 9.8130345344543457e-01</leafValues></_></weakClassifiers></_>
    <!-- stage 2 -->
    <_>
      <maxWeakCount>1</maxWeakCount>
      <stageThreshold>9.6078431606292725e-01</stageThreshold>
      <weakClassifiers>
        <_>
          <internalNodes>
            0 -1 11 1184151 -2147133405 16777472 666944 -2144854015
            1140936737 -400392175 -360396576</internalNodes>
          <leafValues>
            -1. 9.6078431606292725e-01</leafValues></_></weakClassifiers></_>
    <!-- stage 3 -->
    <_>
      <maxWeakCount>1</maxWeakCount>
      <stageThreshold>9.6078431606292725e-01</stageThreshold>
      <weakClassifiers>
        <_>
          <internalNodes>
            0 -1 6 564089439 262145 16826757 -1543503868 -1602027245
            19431760 -2147450869 -905674350</internalNodes>
          <leafValues>
            -1. 9.6078431606292725e-01</leafValues></_></weakClassifiers></_>
    <!-- stage 4 -->
    <_>
      <maxWeakCount>1</maxWeakCount>
      <stageThreshold>9.0476191043853760e-01</stageThreshold>
      <weakClassifiers>
        <_>
          <internalNodes>
            0 -1 5 -1072082077 1050960 -2130673394 -1865940727
            -1996423145 -1946157051 -2147483600 -662520823</internalNodes>
          <leafValues>
            -1. 9.0476191043853760e-01</leafValues></_></weakClassifiers></_>
    <!-- stage 5 -->
    <_>
      <maxWeakCount>1</maxWeakCount>
      <stageThreshold>8.8679248094558716e-01</stageThreshold>
      <weakClassifiers>
        <_>
          <internalNodes>
            0 -1 3 -2049320488 152125505 32837 151060481 16812491
            1116209160 557288 -1429483517</internalNodes>
          <leafValues>
            -1. 8.8679248094558716e-01</leafValues></_></weakClassifiers></_>
    <!-- stage 6 -->
    <_>
      <maxWeakCount>2</maxWeakCount>
      <stageThreshold>-7.3401987552642822e-02</stageThreshold>
      <weakClassifiers>
        <_>
          <internalNodes>
            0 -1 14 -1056782149 294126235 0 -935263197 -2143256440
            -2147483520 -2080374220 -32976755</internalNodes>
          <leafValues>
            -9.5876288414001465e-01 9.0291261672973633e-01</leafValues></_>
        <_>
          <internalNodes>
            0 -1 9 134808863 -327151616 273 1342177361 67142187
            -2147417984 1091094919 -133529398</internalNodes>
          <leafValues>
            -9.6541136503219604e-01 8.8536089658737183e-01</leafValues></_></weakClassifiers></_>
    <!-- stage 7 -->
    <_>
      <maxWeakCount>1</maxWeakCount>
      <stageThreshold>8.6915886402130127e-01</stageThreshold>
      <weakClassifiers>
        <_>
          <internalNodes>
            0 -1 8 287380419 -2143239872 1090520130 71778819 67239952
            33587200 -2138529777 -1610609017</internalNodes>
          <leafValues>
            -1. 8.6915886402130127e-01</leafValues></_></weakClassifiers></_>
    <!-- stage 8 -->
    <_>
      <maxWeakCount>2</maxWeakCount>
      <stageThreshold>-4.7682590782642365e-02</stageThreshold>
      <weakClassifiers>
        <_>
          <internalNodes>
            0 -1 10 70927171 -1577025471 1208090627 1090523527 58885897
            -2147450880 1024017 -1299570544</internalNodes>
          <leafValues>
            -9.3877553939819336e-01 9.0196079015731812e-01</leafValues></_>
        <_>
          <internalNodes>
            0 -1 12 956776787 272630289 11 176295937 -2139053895
            -838631288 -2147473391 -1165590528</internalNodes>
          <leafValues>
            -9.4964337348937988e-01 9.0254795551300049e-01</leafValues></_></weakClassifiers></_>
    <!-- stage 9 -->
    <_>
      <maxWeakCount>2</maxWeakCount>
      <stageThreshold>-3.6032378673553467e-02</stageThreshold>
      <weakClassifiers>
        <_>
          <internalNodes>
            0 -1 4 -285282321 -285288065 -1 -671154177 -268435457
            2113929215 -134217729 -402915329</internalNodes>
          <leafValues>
            -8.6407768726348877e-01 9.1752576828002930e-01</leafValues></_>
        <_>
          <internalNodes>
            0 -1 1 1342656555 1427144728 20481 1359020032 -2147155829
            -2139094912 197129 1495894144</internalNodes>
          <leafValues>
            -1. 8.2804530858993530e-01</leafValues></_></weakClassifiers></_></stages>
  <features>
    <_>
      <rect>
        0 3 14 6</rect></_>
    <_>
      <rect>
        0 19 1 1</rect></_>
    <_>
      <rect>
        4 4 12 6</rect></_>
    <_>
      <rect>
        8 0 12 8</rect></_>
    <_>
      <rect>
        9 6 5 3</rect></_>
    <_>
      <rect>
        13 10 3 1</rect></_>
    <_>
      <rect>
        15 9 1 1</rect></_>
    <_>
      <rect>
        18 7 1 1</rect></_>
    <_>
      <rect>
        19 3 1 3</rect></_>
    <_>
      <rect>
        19 7 2 1</rect></_>
    <_>
      <rect>
        20 11 2 3</rect></_>
    <_>
      <rect>
        20 14 1 1</rect></_>
    <_>
      <rect>
        21 13 2 2</rect></_>
    <_>
      <rect>
        23 7 1 1</rect></_>
    <_>
      <rect>
        23 14 1 1</rect></_></features></cascade>
</opencv_storage>
