<?xml version="1.0"?>
<opencv_storage>
<stage9>
  <maxWeakCount>2</maxWeakCount>
  <stageThreshold>-3.6032378673553467e-02</stageThreshold>
  <weakClassifiers>
    <_>
      <internalNodes>
        0 -1 12427 -285282321 -285288065 -1 -671154177 -268435457
        2113929215 -134217729 -402915329</internalNodes>
      <leafValues>
        -8.6407768726348877e-01 9.1752576828002930e-01</leafValues></_>
    <_>
      <internalNodes>
        0 -1 1424 1342656555 1427144728 20481 1359020032 -2147155829
        -2139094912 197129 1495894144</internalNodes>
      <leafValues>
        -1. 8.2804530858993530e-01</leafValues></_></weakClassifiers></stage9>
</opencv_storage>
