<?xml version="1.0"?>
<opencv_storage>
<stage0>
  <maxWeakCount>2</maxWeakCount>
  <stageThreshold>-1.7876630648970604e-02</stageThreshold>
  <weakClassifiers>
    <_>
      <internalNodes>
        0 -1 6089 -444215214 1073807363 0 -1073739775 -1073725435
        -1878982656 193 -267665397</internalNodes>
      <leafValues>
        -9.8019802570343018e-01 1.</leafValues></_>
    <_>
      <internalNodes>
        0 -1 448 -1056452346 1074212864 9 -771686398 -1040170927
        -2147483647 16512 -259796989</internalNodes>
      <leafValues>
        -1. 9.6232140064239502e-01</leafValues></_></weakClassifiers></stage0>
</opencv_storage>
